Trust Probability,Accuracy
0.8,0.96882494
0.81,0.96882494
0.82,0.96882494
0.83,0.96882494
0.84,0.96882494
0.85,0.96882494
0.86,0.96882494
0.87,0.96882494
0.88,0.96882494
0.89,0.96882494
0.9,0.96882494
0.91,0.9880095923
0.92,0.9880095923
0.93,0.9880095923
0.94,0.9880095923
0.95,0.9880095923
0.96,0.9880095923
0.97,0.9784172662
0.98,0.9784172662
0.99,0.9784172662
